old	new
TCGA-06-0125-10A.realn.dedup.bqsr.bai	TCGA-06-0125-NB-FY520M.realn.mdup.bqsr.bai
TCGA-06-0125-10A.realn.dedup.bqsr.bam	TCGA-06-0125-NB-FY520M.realn.mdup.bqsr.bam
TCGA-06-0125-10A.bqsr.txt	TCGA-06-0125-NB-FY520M.bqsr.txt
TCGA-06-0125-10A.realn.dedup.bqsr.bam.md5	TCGA-06-0125-NB-FY520M.realn.mdup.bqsr.bam.md5
TCGA-06-0125-02A.realn.dedup.bqsr.bai	TCGA-06-0125-R1-MA69JO.realn.mdup.bqsr.bai
TCGA-06-0125-02A.realn.dedup.bqsr.bam	TCGA-06-0125-R1-MA69JO.realn.mdup.bqsr.bam
TCGA-06-0125-02A.bqsr.txt	TCGA-06-0125-R1-MA69JO.bqsr.txt
TCGA-06-0125-02A.realn.dedup.bqsr.bam.md5	TCGA-06-0125-R1-MA69JO.realn.mdup.bqsr.bam.md5
TCGA-06-0125-01A.realn.dedup.bqsr.bai	TCGA-06-0125-TP-FZT8H0.realn.mdup.bqsr.bai
TCGA-06-0125-01A.realn.dedup.bqsr.bam	TCGA-06-0125-TP-FZT8H0.realn.mdup.bqsr.bam
TCGA-06-0125-01A.bqsr.txt	TCGA-06-0125-TP-FZT8H0.bqsr.txt
TCGA-06-0125-01A.realn.dedup.bqsr.bam.md5	TCGA-06-0125-TP-FZT8H0.realn.mdup.bqsr.bam.md5
TCGA-06-0152-10A.realn.dedup.bqsr.bai	TCGA-06-0152-NB-X48HHF.realn.mdup.bqsr.bai
TCGA-06-0152-10A.realn.dedup.bqsr.bam	TCGA-06-0152-NB-X48HHF.realn.mdup.bqsr.bam
TCGA-06-0152-10A.bqsr.txt	TCGA-06-0152-NB-X48HHF.bqsr.txt
TCGA-06-0152-10A.realn.dedup.bqsr.bam.md5	TCGA-06-0152-NB-X48HHF.realn.mdup.bqsr.bam.md5
TCGA-06-0152-02A.realn.dedup.bqsr.bai	TCGA-06-0152-R1-EK2VYI.realn.mdup.bqsr.bai
TCGA-06-0152-02A.realn.dedup.bqsr.bam	TCGA-06-0152-R1-EK2VYI.realn.mdup.bqsr.bam
TCGA-06-0152-02A.bqsr.txt	TCGA-06-0152-R1-EK2VYI.bqsr.txt
TCGA-06-0152-02A.realn.dedup.bqsr.bam.md5	TCGA-06-0152-R1-EK2VYI.realn.mdup.bqsr.bam.md5
TCGA-06-0152-01A.realn.dedup.bqsr.bai	TCGA-06-0152-TP-6HJBZJ.realn.mdup.bqsr.bai
TCGA-06-0152-01A.realn.dedup.bqsr.bam	TCGA-06-0152-TP-6HJBZJ.realn.mdup.bqsr.bam
TCGA-06-0152-01A.bqsr.txt	TCGA-06-0152-TP-6HJBZJ.bqsr.txt
TCGA-06-0152-01A.realn.dedup.bqsr.bam.md5	TCGA-06-0152-TP-6HJBZJ.realn.mdup.bqsr.bam.md5
TCGA-06-0171-10A.realn.dedup.bqsr.bai	TCGA-06-0171-NB-OEUQCY.realn.mdup.bqsr.bai
TCGA-06-0171-10A.realn.dedup.bqsr.bam	TCGA-06-0171-NB-OEUQCY.realn.mdup.bqsr.bam
TCGA-06-0171-10A.bqsr.txt	TCGA-06-0171-NB-OEUQCY.bqsr.txt
TCGA-06-0171-10A.realn.dedup.bqsr.bam.md5	TCGA-06-0171-NB-OEUQCY.realn.mdup.bqsr.bam.md5
TCGA-06-0171-02A.realn.dedup.bqsr.bai	TCGA-06-0171-R1-8809O1.realn.mdup.bqsr.bai
TCGA-06-0171-02A.realn.dedup.bqsr.bam	TCGA-06-0171-R1-8809O1.realn.mdup.bqsr.bam
TCGA-06-0171-02A.bqsr.txt	TCGA-06-0171-R1-8809O1.bqsr.txt
TCGA-06-0171-02A.realn.dedup.bqsr.bam.md5	TCGA-06-0171-R1-8809O1.realn.mdup.bqsr.bam.md5
TCGA-06-0171-01A.realn.dedup.bqsr.bai	TCGA-06-0171-TP-LIDF0X.realn.mdup.bqsr.bai
TCGA-06-0171-01A.realn.dedup.bqsr.bam	TCGA-06-0171-TP-LIDF0X.realn.mdup.bqsr.bam
TCGA-06-0171-01A.bqsr.txt	TCGA-06-0171-TP-LIDF0X.bqsr.txt
TCGA-06-0171-01A.realn.dedup.bqsr.bam.md5	TCGA-06-0171-TP-LIDF0X.realn.mdup.bqsr.bam.md5
TCGA-06-0190-10B.realn.dedup.bqsr.bai	TCGA-06-0190-NB-MAG162.realn.mdup.bqsr.bai
TCGA-06-0190-10B.realn.dedup.bqsr.bam	TCGA-06-0190-NB-MAG162.realn.mdup.bqsr.bam
TCGA-06-0190-10B.bqsr.txt	TCGA-06-0190-NB-MAG162.bqsr.txt
TCGA-06-0190-10B.realn.dedup.bqsr.bam.md5	TCGA-06-0190-NB-MAG162.realn.mdup.bqsr.bam.md5
TCGA-06-0190-02A.realn.dedup.bqsr.bai	TCGA-06-0190-R1-P20F5P.realn.mdup.bqsr.bai
TCGA-06-0190-02A.realn.dedup.bqsr.bam	TCGA-06-0190-R1-P20F5P.realn.mdup.bqsr.bam
TCGA-06-0190-02A.bqsr.txt	TCGA-06-0190-R1-P20F5P.bqsr.txt
TCGA-06-0190-02A.realn.dedup.bqsr.bam.md5	TCGA-06-0190-R1-P20F5P.realn.mdup.bqsr.bam.md5
TCGA-06-0190-01A.realn.dedup.bqsr.bai	TCGA-06-0190-TP-BM9MHX.realn.mdup.bqsr.bai
TCGA-06-0190-01A.realn.dedup.bqsr.bam	TCGA-06-0190-TP-BM9MHX.realn.mdup.bqsr.bam
TCGA-06-0190-01A.bqsr.txt	TCGA-06-0190-TP-BM9MHX.bqsr.txt
TCGA-06-0190-01A.realn.dedup.bqsr.bam.md5	TCGA-06-0190-TP-BM9MHX.realn.mdup.bqsr.bam.md5
TCGA-06-0210-10A.realn.dedup.bqsr.bai	TCGA-06-0210-NB-N1LE2J.realn.mdup.bqsr.bai
TCGA-06-0210-10A.realn.dedup.bqsr.bam	TCGA-06-0210-NB-N1LE2J.realn.mdup.bqsr.bam
TCGA-06-0210-10A.bqsr.txt	TCGA-06-0210-NB-N1LE2J.bqsr.txt
TCGA-06-0210-10A.realn.dedup.bqsr.bam.md5	TCGA-06-0210-NB-N1LE2J.realn.mdup.bqsr.bam.md5
TCGA-06-0210-02A.realn.dedup.bqsr.bai	TCGA-06-0210-R1-PS45ZE.realn.mdup.bqsr.bai
TCGA-06-0210-02A.realn.dedup.bqsr.bam	TCGA-06-0210-R1-PS45ZE.realn.mdup.bqsr.bam
TCGA-06-0210-02A.bqsr.txt	TCGA-06-0210-R1-PS45ZE.bqsr.txt
TCGA-06-0210-02A.realn.dedup.bqsr.bam.md5	TCGA-06-0210-R1-PS45ZE.realn.mdup.bqsr.bam.md5
TCGA-06-0210-01A.realn.dedup.bqsr.bai	TCGA-06-0210-TP-CDCYDJ.realn.mdup.bqsr.bai
TCGA-06-0210-01A.realn.dedup.bqsr.bam	TCGA-06-0210-TP-CDCYDJ.realn.mdup.bqsr.bam
TCGA-06-0210-01A.bqsr.txt	TCGA-06-0210-TP-CDCYDJ.bqsr.txt
TCGA-06-0210-01A.realn.dedup.bqsr.bam.md5	TCGA-06-0210-TP-CDCYDJ.realn.mdup.bqsr.bam.md5
TCGA-06-0211-10A.realn.dedup.bqsr.bai	TCGA-06-0211-NB-4FM74R.realn.mdup.bqsr.bai
TCGA-06-0211-10A.realn.dedup.bqsr.bam	TCGA-06-0211-NB-4FM74R.realn.mdup.bqsr.bam
TCGA-06-0211-10A.bqsr.txt	TCGA-06-0211-NB-4FM74R.bqsr.txt
TCGA-06-0211-10A.realn.dedup.bqsr.bam.md5	TCGA-06-0211-NB-4FM74R.realn.mdup.bqsr.bam.md5
TCGA-06-0211-02A.realn.dedup.bqsr.bai	TCGA-06-0211-R1-32OOWA.realn.mdup.bqsr.bai
TCGA-06-0211-02A.realn.dedup.bqsr.bam	TCGA-06-0211-R1-32OOWA.realn.mdup.bqsr.bam
TCGA-06-0211-02A.bqsr.txt	TCGA-06-0211-R1-32OOWA.bqsr.txt
TCGA-06-0211-02A.realn.dedup.bqsr.bam.md5	TCGA-06-0211-R1-32OOWA.realn.mdup.bqsr.bam.md5
TCGA-06-0211-01A.realn.dedup.bqsr.bai	TCGA-06-0211-TP-JJPE5C.realn.mdup.bqsr.bai
TCGA-06-0211-01A.realn.dedup.bqsr.bam	TCGA-06-0211-TP-JJPE5C.realn.mdup.bqsr.bam
TCGA-06-0211-01A.bqsr.txt	TCGA-06-0211-TP-JJPE5C.bqsr.txt
TCGA-06-0211-01A.realn.dedup.bqsr.bam.md5	TCGA-06-0211-TP-JJPE5C.realn.mdup.bqsr.bam.md5
TCGA-06-0221-10A.realn.dedup.bqsr.bai	TCGA-06-0221-NB-31CJL9.realn.mdup.bqsr.bai
TCGA-06-0221-10A.realn.dedup.bqsr.bam	TCGA-06-0221-NB-31CJL9.realn.mdup.bqsr.bam
TCGA-06-0221-10A.bqsr.txt	TCGA-06-0221-NB-31CJL9.bqsr.txt
TCGA-06-0221-10A.realn.dedup.bqsr.bam.md5	TCGA-06-0221-NB-31CJL9.realn.mdup.bqsr.bam.md5
TCGA-06-0221-02A.realn.dedup.bqsr.bai	TCGA-06-0221-R1-XGUB7X.realn.mdup.bqsr.bai
TCGA-06-0221-02A.realn.dedup.bqsr.bam	TCGA-06-0221-R1-XGUB7X.realn.mdup.bqsr.bam
TCGA-06-0221-02A.bqsr.txt	TCGA-06-0221-R1-XGUB7X.bqsr.txt
TCGA-06-0221-02A.realn.dedup.bqsr.bam.md5	TCGA-06-0221-R1-XGUB7X.realn.mdup.bqsr.bam.md5
TCGA-06-0221-01A.realn.dedup.bqsr.bai	TCGA-06-0221-TP-0LWP9U.realn.mdup.bqsr.bai
TCGA-06-0221-01A.realn.dedup.bqsr.bam	TCGA-06-0221-TP-0LWP9U.realn.mdup.bqsr.bam
TCGA-06-0221-01A.bqsr.txt	TCGA-06-0221-TP-0LWP9U.bqsr.txt
TCGA-06-0221-01A.realn.dedup.bqsr.bam.md5	TCGA-06-0221-TP-0LWP9U.realn.mdup.bqsr.bam.md5
TCGA-14-1034-10A.realn.dedup.bqsr.bai	TCGA-14-1034-NB-S6YHXW.realn.mdup.bqsr.bai
TCGA-14-1034-10A.realn.dedup.bqsr.bam	TCGA-14-1034-NB-S6YHXW.realn.mdup.bqsr.bam
TCGA-14-1034-10A.bqsr.txt	TCGA-14-1034-NB-S6YHXW.bqsr.txt
TCGA-14-1034-10A.realn.dedup.bqsr.bam.md5	TCGA-14-1034-NB-S6YHXW.realn.mdup.bqsr.bam.md5
TCGA-14-1034-02B.realn.dedup.bqsr.bai	TCGA-14-1034-R2-L9V6H0.realn.mdup.bqsr.bai
TCGA-14-1034-02B.realn.dedup.bqsr.bam	TCGA-14-1034-R2-L9V6H0.realn.mdup.bqsr.bam
TCGA-14-1034-02B.bqsr.txt	TCGA-14-1034-R2-L9V6H0.bqsr.txt
TCGA-14-1034-02B.realn.dedup.bqsr.bam.md5	TCGA-14-1034-R2-L9V6H0.realn.mdup.bqsr.bam.md5
TCGA-14-1034-01A.realn.dedup.bqsr.bai	TCGA-14-1034-TP-2521IS.realn.mdup.bqsr.bai
TCGA-14-1034-01A.realn.dedup.bqsr.bam	TCGA-14-1034-TP-2521IS.realn.mdup.bqsr.bam
TCGA-14-1034-01A.bqsr.txt	TCGA-14-1034-TP-2521IS.bqsr.txt
TCGA-14-1034-01A.realn.dedup.bqsr.bam.md5	TCGA-14-1034-TP-2521IS.realn.mdup.bqsr.bam.md5
TCGA-14-1402-10A.realn.dedup.bqsr.bai	TCGA-14-1402-NB-PVBYZ1.realn.mdup.bqsr.bai
TCGA-14-1402-10A.realn.dedup.bqsr.bam	TCGA-14-1402-NB-PVBYZ1.realn.mdup.bqsr.bam
TCGA-14-1402-10A.bqsr.txt	TCGA-14-1402-NB-PVBYZ1.bqsr.txt
TCGA-14-1402-10A.realn.dedup.bqsr.bam.md5	TCGA-14-1402-NB-PVBYZ1.realn.mdup.bqsr.bam.md5
TCGA-14-1402-02A.realn.dedup.bqsr.bai	TCGA-14-1402-R1-2EHMQ2.realn.mdup.bqsr.bai
TCGA-14-1402-02A.realn.dedup.bqsr.bam	TCGA-14-1402-R1-2EHMQ2.realn.mdup.bqsr.bam
TCGA-14-1402-02A.bqsr.txt	TCGA-14-1402-R1-2EHMQ2.bqsr.txt
TCGA-14-1402-02A.realn.dedup.bqsr.bam.md5	TCGA-14-1402-R1-2EHMQ2.realn.mdup.bqsr.bam.md5
TCGA-14-1402-01A.realn.dedup.bqsr.bai	TCGA-14-1402-TP-WT36NV.realn.mdup.bqsr.bai
TCGA-14-1402-01A.realn.dedup.bqsr.bam	TCGA-14-1402-TP-WT36NV.realn.mdup.bqsr.bam
TCGA-14-1402-01A.bqsr.txt	TCGA-14-1402-TP-WT36NV.bqsr.txt
TCGA-14-1402-01A.realn.dedup.bqsr.bam.md5	TCGA-14-1402-TP-WT36NV.realn.mdup.bqsr.bam.md5
TCGA-19-1389-10D.realn.dedup.bqsr.bai	TCGA-19-1389-NB-9GQZBY.realn.mdup.bqsr.bai
TCGA-19-1389-10D.realn.dedup.bqsr.bam	TCGA-19-1389-NB-9GQZBY.realn.mdup.bqsr.bam
TCGA-19-1389-10D.bqsr.txt	TCGA-19-1389-NB-9GQZBY.bqsr.txt
TCGA-19-1389-10D.realn.dedup.bqsr.bam.md5	TCGA-19-1389-NB-9GQZBY.realn.mdup.bqsr.bam.md5
TCGA-19-1389-02A.realn.dedup.bqsr.bai	TCGA-19-1389-R1-1NPCYQ.realn.mdup.bqsr.bai
TCGA-19-1389-02A.realn.dedup.bqsr.bam	TCGA-19-1389-R1-1NPCYQ.realn.mdup.bqsr.bam
TCGA-19-1389-02A.bqsr.txt	TCGA-19-1389-R1-1NPCYQ.bqsr.txt
TCGA-19-1389-02A.realn.dedup.bqsr.bam.md5	TCGA-19-1389-R1-1NPCYQ.realn.mdup.bqsr.bam.md5
TCGA-19-1389-01A.realn.dedup.bqsr.bai	TCGA-19-1389-TP-VPHT0Z.realn.mdup.bqsr.bai
TCGA-19-1389-01A.realn.dedup.bqsr.bam	TCGA-19-1389-TP-VPHT0Z.realn.mdup.bqsr.bam
TCGA-19-1389-01A.bqsr.txt	TCGA-19-1389-TP-VPHT0Z.bqsr.txt
TCGA-19-1389-01A.realn.dedup.bqsr.bam.md5	TCGA-19-1389-TP-VPHT0Z.realn.mdup.bqsr.bam.md5
TCGA-DH-A669-10A.realn.dedup.bqsr.bai	TCGA-DH-A669-NB-DS2MCL.realn.mdup.bqsr.bai
TCGA-DH-A669-10A.realn.dedup.bqsr.bam	TCGA-DH-A669-NB-DS2MCL.realn.mdup.bqsr.bam
TCGA-DH-A669-10A.bqsr.txt	TCGA-DH-A669-NB-DS2MCL.bqsr.txt
TCGA-DH-A669-10A.realn.dedup.bqsr.bam.md5	TCGA-DH-A669-NB-DS2MCL.realn.mdup.bqsr.bam.md5
TCGA-DH-A669-02A.realn.dedup.bqsr.bai	TCGA-DH-A669-R1-A9RS5I.realn.mdup.bqsr.bai
TCGA-DH-A669-02A.realn.dedup.bqsr.bam	TCGA-DH-A669-R1-A9RS5I.realn.mdup.bqsr.bam
TCGA-DH-A669-02A.bqsr.txt	TCGA-DH-A669-R1-A9RS5I.bqsr.txt
TCGA-DH-A669-02A.realn.dedup.bqsr.bam.md5	TCGA-DH-A669-R1-A9RS5I.realn.mdup.bqsr.bam.md5
TCGA-DH-A669-01A.realn.dedup.bqsr.bai	TCGA-DH-A669-TP-LX89QR.realn.mdup.bqsr.bai
TCGA-DH-A669-01A.realn.dedup.bqsr.bam	TCGA-DH-A669-TP-LX89QR.realn.mdup.bqsr.bam
TCGA-DH-A669-01A.bqsr.txt	TCGA-DH-A669-TP-LX89QR.bqsr.txt
TCGA-DH-A669-01A.realn.dedup.bqsr.bam.md5	TCGA-DH-A669-TP-LX89QR.realn.mdup.bqsr.bam.md5
TCGA-DU-5870-10A.realn.dedup.bqsr.bai	TCGA-DU-5870-NB-X7S81V.realn.mdup.bqsr.bai
TCGA-DU-5870-10A.realn.dedup.bqsr.bam	TCGA-DU-5870-NB-X7S81V.realn.mdup.bqsr.bam
TCGA-DU-5870-10A.bqsr.txt	TCGA-DU-5870-NB-X7S81V.bqsr.txt
TCGA-DU-5870-10A.realn.dedup.bqsr.bam.md5	TCGA-DU-5870-NB-X7S81V.realn.mdup.bqsr.bam.md5
TCGA-DU-5870-02A.realn.dedup.bqsr.bai	TCGA-DU-5870-R1-UNYI3Z.realn.mdup.bqsr.bai
TCGA-DU-5870-02A.realn.dedup.bqsr.bam	TCGA-DU-5870-R1-UNYI3Z.realn.mdup.bqsr.bam
TCGA-DU-5870-02A.bqsr.txt	TCGA-DU-5870-R1-UNYI3Z.bqsr.txt
TCGA-DU-5870-02A.realn.dedup.bqsr.bam.md5	TCGA-DU-5870-R1-UNYI3Z.realn.mdup.bqsr.bam.md5
TCGA-DU-5870-01A.realn.dedup.bqsr.bai	TCGA-DU-5870-TP-BQPWUS.realn.mdup.bqsr.bai
TCGA-DU-5870-01A.realn.dedup.bqsr.bam	TCGA-DU-5870-TP-BQPWUS.realn.mdup.bqsr.bam
TCGA-DU-5870-01A.bqsr.txt	TCGA-DU-5870-TP-BQPWUS.bqsr.txt
TCGA-DU-5870-01A.realn.dedup.bqsr.bam.md5	TCGA-DU-5870-TP-BQPWUS.realn.mdup.bqsr.bam.md5
TCGA-DU-5872-10A.realn.dedup.bqsr.bai	TCGA-DU-5872-NB-UDBTGB.realn.mdup.bqsr.bai
TCGA-DU-5872-10A.realn.dedup.bqsr.bam	TCGA-DU-5872-NB-UDBTGB.realn.mdup.bqsr.bam
TCGA-DU-5872-10A.bqsr.txt	TCGA-DU-5872-NB-UDBTGB.bqsr.txt
TCGA-DU-5872-10A.realn.dedup.bqsr.bam.md5	TCGA-DU-5872-NB-UDBTGB.realn.mdup.bqsr.bam.md5
TCGA-DU-5872-02A.realn.dedup.bqsr.bai	TCGA-DU-5872-R1-FF05FR.realn.mdup.bqsr.bai
TCGA-DU-5872-02A.realn.dedup.bqsr.bam	TCGA-DU-5872-R1-FF05FR.realn.mdup.bqsr.bam
TCGA-DU-5872-02A.bqsr.txt	TCGA-DU-5872-R1-FF05FR.bqsr.txt
TCGA-DU-5872-02A.realn.dedup.bqsr.bam.md5	TCGA-DU-5872-R1-FF05FR.realn.mdup.bqsr.bam.md5
TCGA-DU-5872-01A.realn.dedup.bqsr.bai	TCGA-DU-5872-TP-WTQAIF.realn.mdup.bqsr.bai
TCGA-DU-5872-01A.realn.dedup.bqsr.bam	TCGA-DU-5872-TP-WTQAIF.realn.mdup.bqsr.bam
TCGA-DU-5872-01A.bqsr.txt	TCGA-DU-5872-TP-WTQAIF.bqsr.txt
TCGA-DU-5872-01A.realn.dedup.bqsr.bam.md5	TCGA-DU-5872-TP-WTQAIF.realn.mdup.bqsr.bam.md5
TCGA-DU-6397-10A.realn.dedup.bqsr.bai	TCGA-DU-6397-NB-TCU1YQ.realn.mdup.bqsr.bai
TCGA-DU-6397-10A.realn.dedup.bqsr.bam	TCGA-DU-6397-NB-TCU1YQ.realn.mdup.bqsr.bam
TCGA-DU-6397-10A.bqsr.txt	TCGA-DU-6397-NB-TCU1YQ.bqsr.txt
TCGA-DU-6397-10A.realn.dedup.bqsr.bam.md5	TCGA-DU-6397-NB-TCU1YQ.realn.mdup.bqsr.bam.md5
TCGA-DU-6397-02A.realn.dedup.bqsr.bai	TCGA-DU-6397-R1-TX5QZZ.realn.mdup.bqsr.bai
TCGA-DU-6397-02A.realn.dedup.bqsr.bam	TCGA-DU-6397-R1-TX5QZZ.realn.mdup.bqsr.bam
TCGA-DU-6397-02A.bqsr.txt	TCGA-DU-6397-R1-TX5QZZ.bqsr.txt
TCGA-DU-6397-02A.realn.dedup.bqsr.bam.md5	TCGA-DU-6397-R1-TX5QZZ.realn.mdup.bqsr.bam.md5
TCGA-DU-6397-01A.realn.dedup.bqsr.bai	TCGA-DU-6397-TP-OXOUDE.realn.mdup.bqsr.bai
TCGA-DU-6397-01A.realn.dedup.bqsr.bam	TCGA-DU-6397-TP-OXOUDE.realn.mdup.bqsr.bam
TCGA-DU-6397-01A.bqsr.txt	TCGA-DU-6397-TP-OXOUDE.bqsr.txt
TCGA-DU-6397-01A.realn.dedup.bqsr.bam.md5	TCGA-DU-6397-TP-OXOUDE.realn.mdup.bqsr.bam.md5
TCGA-DU-6404-10A.realn.dedup.bqsr.bai	TCGA-DU-6404-NB-DY41IK.realn.mdup.bqsr.bai
TCGA-DU-6404-10A.realn.dedup.bqsr.bam	TCGA-DU-6404-NB-DY41IK.realn.mdup.bqsr.bam
TCGA-DU-6404-10A.bqsr.txt	TCGA-DU-6404-NB-DY41IK.bqsr.txt
TCGA-DU-6404-10A.realn.dedup.bqsr.bam.md5	TCGA-DU-6404-NB-DY41IK.realn.mdup.bqsr.bam.md5
TCGA-DU-6404-02A.realn.dedup.bqsr.bai	TCGA-DU-6404-R1-QTV17D.realn.mdup.bqsr.bai
TCGA-DU-6404-02A.realn.dedup.bqsr.bam	TCGA-DU-6404-R1-QTV17D.realn.mdup.bqsr.bam
TCGA-DU-6404-02A.bqsr.txt	TCGA-DU-6404-R1-QTV17D.bqsr.txt
TCGA-DU-6404-02A.realn.dedup.bqsr.bam.md5	TCGA-DU-6404-R1-QTV17D.realn.mdup.bqsr.bam.md5
TCGA-DU-6404-02B.realn.dedup.bqsr.bai	TCGA-DU-6404-R2-9OCYC1.realn.mdup.bqsr.bai
TCGA-DU-6404-02B.realn.dedup.bqsr.bam	TCGA-DU-6404-R2-9OCYC1.realn.mdup.bqsr.bam
TCGA-DU-6404-02B.bqsr.txt	TCGA-DU-6404-R2-9OCYC1.bqsr.txt
TCGA-DU-6404-02B.realn.dedup.bqsr.bam.md5	TCGA-DU-6404-R2-9OCYC1.realn.mdup.bqsr.bam.md5
TCGA-DU-6404-01A.realn.dedup.bqsr.bai	TCGA-DU-6404-TP-7DHU4O.realn.mdup.bqsr.bai
TCGA-DU-6404-01A.realn.dedup.bqsr.bam	TCGA-DU-6404-TP-7DHU4O.realn.mdup.bqsr.bam
TCGA-DU-6404-01A.bqsr.txt	TCGA-DU-6404-TP-7DHU4O.bqsr.txt
TCGA-DU-6404-01A.realn.dedup.bqsr.bam.md5	TCGA-DU-6404-TP-7DHU4O.realn.mdup.bqsr.bam.md5
TCGA-DU-6407-10A.realn.dedup.bqsr.bai	TCGA-DU-6407-NB-XCIM8I.realn.mdup.bqsr.bai
TCGA-DU-6407-10A.realn.dedup.bqsr.bam	TCGA-DU-6407-NB-XCIM8I.realn.mdup.bqsr.bam
TCGA-DU-6407-10A.bqsr.txt	TCGA-DU-6407-NB-XCIM8I.bqsr.txt
TCGA-DU-6407-10A.realn.dedup.bqsr.bam.md5	TCGA-DU-6407-NB-XCIM8I.realn.mdup.bqsr.bam.md5
TCGA-DU-6407-02A.realn.dedup.bqsr.bai	TCGA-DU-6407-R1-V765KQ.realn.mdup.bqsr.bai
TCGA-DU-6407-02A.realn.dedup.bqsr.bam	TCGA-DU-6407-R1-V765KQ.realn.mdup.bqsr.bam
TCGA-DU-6407-02A.bqsr.txt	TCGA-DU-6407-R1-V765KQ.bqsr.txt
TCGA-DU-6407-02A.realn.dedup.bqsr.bam.md5	TCGA-DU-6407-R1-V765KQ.realn.mdup.bqsr.bam.md5
TCGA-DU-6407-02B.realn.dedup.bqsr.bai	TCGA-DU-6407-R2-C4L105.realn.mdup.bqsr.bai
TCGA-DU-6407-02B.realn.dedup.bqsr.bam	TCGA-DU-6407-R2-C4L105.realn.mdup.bqsr.bam
TCGA-DU-6407-02B.bqsr.txt	TCGA-DU-6407-R2-C4L105.bqsr.txt
TCGA-DU-6407-02B.realn.dedup.bqsr.bam.md5	TCGA-DU-6407-R2-C4L105.realn.mdup.bqsr.bam.md5
TCGA-DU-6407-01A.realn.dedup.bqsr.bai	TCGA-DU-6407-TP-XX8PCJ.realn.mdup.bqsr.bai
TCGA-DU-6407-01A.realn.dedup.bqsr.bam	TCGA-DU-6407-TP-XX8PCJ.realn.mdup.bqsr.bam
TCGA-DU-6407-01A.bqsr.txt	TCGA-DU-6407-TP-XX8PCJ.bqsr.txt
TCGA-DU-6407-01A.realn.dedup.bqsr.bam.md5	TCGA-DU-6407-TP-XX8PCJ.realn.mdup.bqsr.bam.md5
TCGA-DU-7304-10A.realn.dedup.bqsr.bai	TCGA-DU-7304-NB-WPQHV5.realn.mdup.bqsr.bai
TCGA-DU-7304-10A.realn.dedup.bqsr.bam	TCGA-DU-7304-NB-WPQHV5.realn.mdup.bqsr.bam
TCGA-DU-7304-10A.bqsr.txt	TCGA-DU-7304-NB-WPQHV5.bqsr.txt
TCGA-DU-7304-10A.realn.dedup.bqsr.bam.md5	TCGA-DU-7304-NB-WPQHV5.realn.mdup.bqsr.bam.md5
TCGA-DU-7304-02A.realn.dedup.bqsr.bai	TCGA-DU-7304-R1-TNHHDG.realn.mdup.bqsr.bai
TCGA-DU-7304-02A.realn.dedup.bqsr.bam	TCGA-DU-7304-R1-TNHHDG.realn.mdup.bqsr.bam
TCGA-DU-7304-02A.bqsr.txt	TCGA-DU-7304-R1-TNHHDG.bqsr.txt
TCGA-DU-7304-02A.realn.dedup.bqsr.bam.md5	TCGA-DU-7304-R1-TNHHDG.realn.mdup.bqsr.bam.md5
TCGA-DU-7304-01A.realn.dedup.bqsr.bai	TCGA-DU-7304-TP-KB0230.realn.mdup.bqsr.bai
TCGA-DU-7304-01A.realn.dedup.bqsr.bam	TCGA-DU-7304-TP-KB0230.realn.mdup.bqsr.bam
TCGA-DU-7304-01A.bqsr.txt	TCGA-DU-7304-TP-KB0230.bqsr.txt
TCGA-DU-7304-01A.realn.dedup.bqsr.bam.md5	TCGA-DU-7304-TP-KB0230.realn.mdup.bqsr.bam.md5
TCGA-FG-5965-10A.realn.dedup.bqsr.bai	TCGA-FG-5965-NB-F8YGR5.realn.mdup.bqsr.bai
TCGA-FG-5965-10A.realn.dedup.bqsr.bam	TCGA-FG-5965-NB-F8YGR5.realn.mdup.bqsr.bam
TCGA-FG-5965-10A.bqsr.txt	TCGA-FG-5965-NB-F8YGR5.bqsr.txt
TCGA-FG-5965-10A.realn.dedup.bqsr.bam.md5	TCGA-FG-5965-NB-F8YGR5.realn.mdup.bqsr.bam.md5
TCGA-FG-5965-02A.realn.dedup.bqsr.bai	TCGA-FG-5965-R1-YWHSSO.realn.mdup.bqsr.bai
TCGA-FG-5965-02A.realn.dedup.bqsr.bam	TCGA-FG-5965-R1-YWHSSO.realn.mdup.bqsr.bam
TCGA-FG-5965-02A.bqsr.txt	TCGA-FG-5965-R1-YWHSSO.bqsr.txt
TCGA-FG-5965-02A.realn.dedup.bqsr.bam.md5	TCGA-FG-5965-R1-YWHSSO.realn.mdup.bqsr.bam.md5
TCGA-FG-5965-02B.realn.dedup.bqsr.bai	TCGA-FG-5965-R2-CEY3XC.realn.mdup.bqsr.bai
TCGA-FG-5965-02B.realn.dedup.bqsr.bam	TCGA-FG-5965-R2-CEY3XC.realn.mdup.bqsr.bam
TCGA-FG-5965-02B.bqsr.txt	TCGA-FG-5965-R2-CEY3XC.bqsr.txt
TCGA-FG-5965-02B.realn.dedup.bqsr.bam.md5	TCGA-FG-5965-R2-CEY3XC.realn.mdup.bqsr.bam.md5
TCGA-FG-5965-01B.realn.dedup.bqsr.bai	TCGA-FG-5965-TP-YPJ8SN.realn.mdup.bqsr.bai
TCGA-FG-5965-01B.realn.dedup.bqsr.bam	TCGA-FG-5965-TP-YPJ8SN.realn.mdup.bqsr.bam
TCGA-FG-5965-01B.bqsr.txt	TCGA-FG-5965-TP-YPJ8SN.bqsr.txt
TCGA-FG-5965-01B.realn.dedup.bqsr.bam.md5	TCGA-FG-5965-TP-YPJ8SN.realn.mdup.bqsr.bam.md5
TCGA-FG-A4MT-10A.realn.dedup.bqsr.bai	TCGA-FG-A4MT-NB-W7DORI.realn.mdup.bqsr.bai
TCGA-FG-A4MT-10A.realn.dedup.bqsr.bam	TCGA-FG-A4MT-NB-W7DORI.realn.mdup.bqsr.bam
TCGA-FG-A4MT-10A.bqsr.txt	TCGA-FG-A4MT-NB-W7DORI.bqsr.txt
TCGA-FG-A4MT-10A.realn.dedup.bqsr.bam.md5	TCGA-FG-A4MT-NB-W7DORI.realn.mdup.bqsr.bam.md5
TCGA-FG-A4MT-02A.realn.dedup.bqsr.bai	TCGA-FG-A4MT-R1-1EGEOR.realn.mdup.bqsr.bai
TCGA-FG-A4MT-02A.realn.dedup.bqsr.bam	TCGA-FG-A4MT-R1-1EGEOR.realn.mdup.bqsr.bam
TCGA-FG-A4MT-02A.bqsr.txt	TCGA-FG-A4MT-R1-1EGEOR.bqsr.txt
TCGA-FG-A4MT-02A.realn.dedup.bqsr.bam.md5	TCGA-FG-A4MT-R1-1EGEOR.realn.mdup.bqsr.bam.md5
TCGA-FG-A4MT-01A.realn.dedup.bqsr.bai	TCGA-FG-A4MT-TP-CKF1QJ.realn.mdup.bqsr.bai
TCGA-FG-A4MT-01A.realn.dedup.bqsr.bam	TCGA-FG-A4MT-TP-CKF1QJ.realn.mdup.bqsr.bam
TCGA-FG-A4MT-01A.bqsr.txt	TCGA-FG-A4MT-TP-CKF1QJ.bqsr.txt
TCGA-FG-A4MT-01A.realn.dedup.bqsr.bam.md5	TCGA-FG-A4MT-TP-CKF1QJ.realn.mdup.bqsr.bam.md5
TCGA-TM-A7CF-10A.realn.dedup.bqsr.bai	TCGA-TM-A7CF-NB-XPQG4S.realn.mdup.bqsr.bai
TCGA-TM-A7CF-10A.realn.dedup.bqsr.bam	TCGA-TM-A7CF-NB-XPQG4S.realn.mdup.bqsr.bam
TCGA-TM-A7CF-10A.bqsr.txt	TCGA-TM-A7CF-NB-XPQG4S.bqsr.txt
TCGA-TM-A7CF-10A.realn.dedup.bqsr.bam.md5	TCGA-TM-A7CF-NB-XPQG4S.realn.mdup.bqsr.bam.md5
TCGA-TM-A7CF-02A.realn.dedup.bqsr.bai	TCGA-TM-A7CF-R1-R1PAAT.realn.mdup.bqsr.bai
TCGA-TM-A7CF-02A.realn.dedup.bqsr.bam	TCGA-TM-A7CF-R1-R1PAAT.realn.mdup.bqsr.bam
TCGA-TM-A7CF-02A.bqsr.txt	TCGA-TM-A7CF-R1-R1PAAT.bqsr.txt
TCGA-TM-A7CF-02A.realn.dedup.bqsr.bam.md5	TCGA-TM-A7CF-R1-R1PAAT.realn.mdup.bqsr.bam.md5
TCGA-TM-A7CF-01A.realn.dedup.bqsr.bai	TCGA-TM-A7CF-TP-RON2FJ.realn.mdup.bqsr.bai
TCGA-TM-A7CF-01A.realn.dedup.bqsr.bam	TCGA-TM-A7CF-TP-RON2FJ.realn.mdup.bqsr.bam
TCGA-TM-A7CF-01A.bqsr.txt	TCGA-TM-A7CF-TP-RON2FJ.bqsr.txt
TCGA-TM-A7CF-01A.realn.dedup.bqsr.bam.md5	TCGA-TM-A7CF-TP-RON2FJ.realn.mdup.bqsr.bam.md5
TCGA-TQ-A7RK-10A.realn.dedup.bqsr.bai	TCGA-TQ-A7RK-NB-2ITLFK.realn.mdup.bqsr.bai
TCGA-TQ-A7RK-10A.realn.dedup.bqsr.bam	TCGA-TQ-A7RK-NB-2ITLFK.realn.mdup.bqsr.bam
TCGA-TQ-A7RK-10A.bqsr.txt	TCGA-TQ-A7RK-NB-2ITLFK.bqsr.txt
TCGA-TQ-A7RK-10A.realn.dedup.bqsr.bam.md5	TCGA-TQ-A7RK-NB-2ITLFK.realn.mdup.bqsr.bam.md5
TCGA-TQ-A7RK-02A.realn.dedup.bqsr.bai	TCGA-TQ-A7RK-R1-CF4MA8.realn.mdup.bqsr.bai
TCGA-TQ-A7RK-02A.realn.dedup.bqsr.bam	TCGA-TQ-A7RK-R1-CF4MA8.realn.mdup.bqsr.bam
TCGA-TQ-A7RK-02A.bqsr.txt	TCGA-TQ-A7RK-R1-CF4MA8.bqsr.txt
TCGA-TQ-A7RK-02A.realn.dedup.bqsr.bam.md5	TCGA-TQ-A7RK-R1-CF4MA8.realn.mdup.bqsr.bam.md5
TCGA-TQ-A7RK-02B.realn.dedup.bqsr.bai	TCGA-TQ-A7RK-R2-1Z719P.realn.mdup.bqsr.bai
TCGA-TQ-A7RK-02B.realn.dedup.bqsr.bam	TCGA-TQ-A7RK-R2-1Z719P.realn.mdup.bqsr.bam
TCGA-TQ-A7RK-02B.bqsr.txt	TCGA-TQ-A7RK-R2-1Z719P.bqsr.txt
TCGA-TQ-A7RK-02B.realn.dedup.bqsr.bam.md5	TCGA-TQ-A7RK-R2-1Z719P.realn.mdup.bqsr.bam.md5
TCGA-TQ-A7RK-01A.realn.dedup.bqsr.bai	TCGA-TQ-A7RK-TP-HWJ4F6.realn.mdup.bqsr.bai
TCGA-TQ-A7RK-01A.realn.dedup.bqsr.bam	TCGA-TQ-A7RK-TP-HWJ4F6.realn.mdup.bqsr.bam
TCGA-TQ-A7RK-01A.bqsr.txt	TCGA-TQ-A7RK-TP-HWJ4F6.bqsr.txt
TCGA-TQ-A7RK-01A.realn.dedup.bqsr.bam.md5	TCGA-TQ-A7RK-TP-HWJ4F6.realn.mdup.bqsr.bam.md5
TCGA-TQ-A7RV-10A.realn.dedup.bqsr.bai	TCGA-TQ-A7RV-NB-TIIFD4.realn.mdup.bqsr.bai
TCGA-TQ-A7RV-10A.realn.dedup.bqsr.bam	TCGA-TQ-A7RV-NB-TIIFD4.realn.mdup.bqsr.bam
TCGA-TQ-A7RV-10A.bqsr.txt	TCGA-TQ-A7RV-NB-TIIFD4.bqsr.txt
TCGA-TQ-A7RV-10A.realn.dedup.bqsr.bam.md5	TCGA-TQ-A7RV-NB-TIIFD4.realn.mdup.bqsr.bam.md5
TCGA-TQ-A7RV-02A.realn.dedup.bqsr.bai	TCGA-TQ-A7RV-R1-CWZQZJ.realn.mdup.bqsr.bai
TCGA-TQ-A7RV-02A.realn.dedup.bqsr.bam	TCGA-TQ-A7RV-R1-CWZQZJ.realn.mdup.bqsr.bam
TCGA-TQ-A7RV-02A.bqsr.txt	TCGA-TQ-A7RV-R1-CWZQZJ.bqsr.txt
TCGA-TQ-A7RV-02A.realn.dedup.bqsr.bam.md5	TCGA-TQ-A7RV-R1-CWZQZJ.realn.mdup.bqsr.bam.md5
TCGA-TQ-A7RV-01A.realn.dedup.bqsr.bai	TCGA-TQ-A7RV-TP-TR9682.realn.mdup.bqsr.bai
TCGA-TQ-A7RV-01A.realn.dedup.bqsr.bam	TCGA-TQ-A7RV-TP-TR9682.realn.mdup.bqsr.bam
TCGA-TQ-A7RV-01A.bqsr.txt	TCGA-TQ-A7RV-TP-TR9682.bqsr.txt
TCGA-TQ-A7RV-01A.realn.dedup.bqsr.bam.md5	TCGA-TQ-A7RV-TP-TR9682.realn.mdup.bqsr.bam.md5
TCGA-TQ-A8XE-10A.realn.dedup.bqsr.bai	TCGA-TQ-A8XE-NB-K36LRV.realn.mdup.bqsr.bai
TCGA-TQ-A8XE-10A.realn.dedup.bqsr.bam	TCGA-TQ-A8XE-NB-K36LRV.realn.mdup.bqsr.bam
TCGA-TQ-A8XE-10A.bqsr.txt	TCGA-TQ-A8XE-NB-K36LRV.bqsr.txt
TCGA-TQ-A8XE-10A.realn.dedup.bqsr.bam.md5	TCGA-TQ-A8XE-NB-K36LRV.realn.mdup.bqsr.bam.md5
TCGA-TQ-A8XE-02A.realn.dedup.bqsr.bai	TCGA-TQ-A8XE-R1-M2U7J4.realn.mdup.bqsr.bai
TCGA-TQ-A8XE-02A.realn.dedup.bqsr.bam	TCGA-TQ-A8XE-R1-M2U7J4.realn.mdup.bqsr.bam
TCGA-TQ-A8XE-02A.bqsr.txt	TCGA-TQ-A8XE-R1-M2U7J4.bqsr.txt
TCGA-TQ-A8XE-02A.realn.dedup.bqsr.bam.md5	TCGA-TQ-A8XE-R1-M2U7J4.realn.mdup.bqsr.bam.md5
TCGA-TQ-A8XE-01A.realn.dedup.bqsr.bai	TCGA-TQ-A8XE-TP-MF1R7Z.realn.mdup.bqsr.bai
TCGA-TQ-A8XE-01A.realn.dedup.bqsr.bam	TCGA-TQ-A8XE-TP-MF1R7Z.realn.mdup.bqsr.bam
TCGA-TQ-A8XE-01A.bqsr.txt	TCGA-TQ-A8XE-TP-MF1R7Z.bqsr.txt
TCGA-TQ-A8XE-01A.realn.dedup.bqsr.bam.md5	TCGA-TQ-A8XE-TP-MF1R7Z.realn.mdup.bqsr.bam.md5
